"Date & Time","Usage [A]","Generation [kW]","L1 Voltage [V]","L2 Voltage [V]","CT1 Amperage [A]","CT2 Amperage [A]","CT3 Amperage [A]","CT4 Amperage [A]","Power Factor Circuit 1 []","Power Factor Circuit 2 []","Power Circuit 1 [kW]","Power Circuit 1* [kVA]","Power Circuit 2 [kW]","Power Circuit 2* [kVA]","Power Circuit 1 neutral [kW]","CT5 Amperage [A]","CT6 Amperage [A]","CT7 Amperage [A]","CT8 Amperage [A]","Shed Power [kW]","CT9 [A]","CT10 [A]","Control Fan Power [kW]","Control Fan Power* [kVA]"
2019-05-29 19:59:00,0.000300000,-0.000000000,0.035916668,0.036033335,0.000183333,0.000283333,0.000650000,0.000483333,0.000016667,0.000066667,0.000016667,0.000166667,0.000100000,0.000233333,0.000083333,0.000233333,0.000966667,0.000516667,0.000416667,0.000050000,0.006166667,0.006216667,0.001933333,0.002933333
2019-05-29 19:58:00,0.000316667,-0.000000000,0.035900002,0.036016668,0.000183333,0.000283333,0.000633333,0.000500000,0.000016667,0.000066667,0.000033333,0.000183333,0.000100000,0.000216667,0.000100000,0.000250000,0.000950000,0.000516667,0.000416667,0.000033333,0.006166667,0.006200000,0.001916667,0.002933333
2019-05-29 19:57:00,0.000283333,-0.000000000,0.035916668,0.036033335,0.000183333,0.000283333,0.000633333,0.000500000,0.000016667,0.000050000,0.000016667,0.000166667,0.000083333,0.000216667,0.000083333,0.000250000,0.000966667,0.000516667,0.000416667,0.000033333,0.006183334,0.006200000,0.001933333,0.002933333
2019-05-29 19:56:00,0.000300000,-0.000000000,0.035900002,0.036033335,0.000183333,0.000266667,0.000633333,0.000483333,0.000016667,0.000066667,0.000016667,0.000183333,0.000100000,0.000233333,0.000083333,0.000250000,0.000950000,0.000516667,0.000416667,0.000033333,0.006166667,0.006216667,0.001916667,0.002933333
2019-05-29 19:55:00,0.000316667,-0.000000000,0.035916668,0.036033335,0.000183333,0.000283333,0.000633333,0.000500000,0.000016667,0.000066667,0.000033333,0.000183333,0.000100000,0.000216667,0.000100000,0.000233333,0.000950000,0.000516667,0.000416667,0.000033333,0.006166667,0.006200000,0.001916667,0.002933333
2019-05-29 19:54:00,0.000300000,-0.000000000,0.035916668,0.036016668,0.000183333,0.000283333,0.000633333,0.000483333,0.000016667,0.000066667,0.000016667,0.000166667,0.000100000,0.000216667,0.000083333,0.000250000,0.000966667,0.000516667,0.000416667,0.000050000,0.006166667,0.006200000,0.001933333,0.002933333
2019-05-29 19:53:00,0.000300000,-0.000000000,0.035900002,0.036033335,0.000200000,0.000283333,0.000650000,0.000500000,0.000033333,0.000050000,0.000016667,0.000183333,0.000083333,0.000233333,0.000100000,0.000250000,0.000950000,0.000500000,0.000416667,0.000033333,0.006166667,0.006216667,0.001916667,0.002933333
2019-05-29 19:52:00,0.000316667,-0.000000000,0.035916668,0.036033335,0.000183333,0.000283333,0.000633333,0.000483333,0.000016667,0.000066667,0.000033333,0.000166667,0.000100000,0.000216667,0.000083333,0.000250000,0.000966667,0.000516667,0.000416667,0.000033333,0.006166667,0.006200000,0.001933333,0.002933333
2019-05-29 19:51:00,0.000300000,-0.000000000,0.035900002,0.036033335,0.000183333,0.000266667,0.000633333,0.000500000,0.000016667,0.000066667,0.000016667,0.000183333,0.000100000,0.000216667,0.000083333,0.000233333,0.000950000,0.000516667,0.000416667,0.000033333,0.006166667,0.006200000,0.001916667,0.002933333
2019-05-29 19:50:00,0.000300000,-0.000000000,0.035916668,0.036016668,0.000183333,0.000283333,0.000633333,0.000500000,0.000016667,0.000066667,0.000016667,0.000166667,0.000100000,0.000216667,0.000100000,0.000250000,0.000950000,0.000516667,0.000416667,0.000033333,0.006183334,0.006216667,0.001916667,0.002933333
2019-05-29 19:49:00,0.000300000,-0.000000000,0.035900002,0.036033335,0.000183333,0.000283333,0.000633333,0.000483333,0.000016667,0.000066667,0.000033333,0.000183333,0.000083333,0.000233333,0.000083333,0.000250000,0.000966667,0.000516667,0.000416667,0.000050000,0.006166667,0.006200000,0.001933333,0.002933333
2019-05-29 19:48:00,0.000300000,-0.000000000,0.035916668,0.036033335,0.000183333,0.000283333,0.000633333,0.000500000,0.000016667,0.000050000,0.000016667,0.000166667,0.000100000,0.000216667,0.000100000,0.000233333,0.000950000,0.000516667,0.000416667,0.000033333,0.006166667,0.006200000,0.001916667,0.002933333
2019-05-29 19:47:00,0.000300000,-0.000000000,0.035900002,0.036033335,0.000183333,0.000266667,0.000650000,0.000483333,0.000016667,0.000066667,0.000016667,0.000183333,0.000100000,0.000216667,0.000083333,0.000250000,0.000950000,0.000516667,0.000416667,0.000033333,0.006166667,0.006200000,0.001933333,0.002933333
2019-05-29 19:46:00,0.000300000,-0.000000000,0.035916668,0.036016668,0.000183333,0.000283333,0.000633333,0.000500000,0.000033333,0.000066667,0.000033333,0.000166667,0.000083333,0.000233333,0.000083333,0.000250000,0.000966667,0.000516667,0.000416667,0.000033333,0.006166667,0.006216667,0.001916667,0.002933333
2019-05-29 19:45:00,0.000300000,-0.000000000,0.035916668,0.036033335,0.000183333,0.000283333,0.000633333,0.000500000,0.000016667,0.000066667,0.000016667,0.000183333,0.000100000,0.000216667,0.000100000,0.000250000,0.000950000,0.000516667,0.000416667,0.000033333,0.006166667,0.006200000,0.001916667,0.002933333
2019-05-29 19:44:00,0.000300000,-0.000000000,0.035900002,0.036033335,0.000183333,0.000283333,0.000633333,0.000483333,0.000016667,0.000050000,0.000016667,0.000166667,0.000100000,0.000216667,0.000083333,0.000233333,0.000966667,0.000516667,0.000416667,0.000050000,0.006166667,0.006200000,0.001933333,0.002933333
2019-05-29 19:43:00,0.000316667,-0.000000000,0.035916668,0.036033335,0.000183333,0.000266667,0.000633333,0.000500000,0.000016667,0.000066667,0.000033333,0.000183333,0.000100000,0.000233333,0.000100000,0.000250000,0.000950000,0.000516667,0.000416667,0.000033333,0.006183334,0.006216667,0.001916667,0.002933333
2019-05-29 19:42:00,0.000283333,-0.000000000,0.035900002,0.036016668,0.000183333,0.000283333,0.000650000,0.000483333,0.000016667,0.000066667,0.000016667,0.000166667,0.000083333,0.000216667,0.000083333,0.000250000,0.000950000,0.000516667,0.000416667,0.000033333,0.006166667,0.006200000,0.001933333,0.002916667
2019-05-29 19:41:00,0.000300000,-0.000000000,0.035916668,0.036033335,0.000183333,0.000283333,0.000633333,0.000500000,0.000016667,0.000066667,0.000016667,0.000183333,0.000100000,0.000216667,0.000083333,0.000250000,0.000966667,0.000516667,0.000416667,0.000033333,0.006166667,0.006200000,0.001916667,0.002933333
2019-05-29 19:40:00,0.000316667,-0.000000000,0.035900002,0.036033335,0.000183333,0.000283333,0.000633333,0.000500000,0.000016667,0.000050000,0.000033333,0.000166667,0.000100000,0.000216667,0.000100000,0.000233333,0.000950000,0.000516667,0.000416667,0.000033333,0.006166667,0.006216667,0.001933333,0.002933333
2019-05-29 19:39:00,0.000283333,-0.000000000,0.035916668,0.036033335,0.000183333,0.000266667,0.000633333,0.000483333,0.000016667,0.000066667,0.000016667,0.000183333,0.000083333,0.000233333,0.000083333,0.000250000,0.000966667,0.000516667,0.000416667,0.000050000,0.006166667,0.006200000,0.001916667,0.002933333
2019-05-29 19:38:00,0.000300000,-0.000000000,0.035900002,0.036016668,0.000183333,0.000283333,0.000633333,0.000500000,0.000033333,0.000066667,0.000016667,0.000166667,0.000100000,0.000216667,0.000100000,0.000250000,0.000950000,0.000516667,0.000416667,0.000033333,0.006166667,0.006200000,0.001916667,0.002933333
2019-05-29 19:37:00,0.000316667,-0.000000000,0.035916668,0.036033335,0.000183333,0.000283333,0.000633333,0.000483333,0.000016667,0.000066667,0.000033333,0.000183333,0.000100000,0.000216667,0.000083333,0.000250000,0.000950000,0.000516667,0.000416667,0.000033333,0.006166667,0.006200000,0.001933333,0.002933333
2019-05-29 19:36:00,0.000316667,-0.000000000,0.035916668,0.036033335,0.000200000,0.000283333,0.000650000,0.000500000,0.000016667,0.000066667,0.000016667,0.000166667,0.000100000,0.000233333,0.000083333,0.000233333,0.000966667,0.000516667,0.000433333,0.000033333,0.006183334,0.006216667,0.001916667,0.002933333
2019-05-29 19:35:00,0.000283333,-0.000000000,0.035900002,0.036033335,0.000183333,0.000266667,0.000633333,0.000483333,0.000016667,0.000050000,0.000016667,0.000183333,0.000083333,0.000216667,0.000100000,0.000250000,0.000950000,0.000516667,0.000416667,0.000033333,0.006166667,0.006200000,0.001933333,0.002933333
2019-05-29 19:34:00,0.000316667,-0.000000000,0.035916668,0.036016668,0.000183333,0.000283333,0.000633333,0.000500000,0.000016667,0.000066667,0.000033333,0.000183333,0.000100000,0.000216667,0.000083333,0.000250000,0.000950000,0.000516667,0.000416667,0.000050000,0.006166667,0.006200000,0.001916667,0.002933333
2019-05-29 19:33:00,0.000300000,-0.000000000,0.035900002,0.036033335,0.000183333,0.000283333,0.000633333,0.000500000,0.000016667,0.000066667,0.000016667,0.000166667,0.000100000,0.000233333,0.000100000,0.000250000,0.000966667,0.000516667,0.000416667,0.000033333,0.006166667,0.006216667,0.001916667,0.002933333
2019-05-29 19:32:00,0.000300000,-0.000000000,0.035916668,0.036033335,0.000183333,0.000283333,0.000633333,0.000483333,0.000016667,0.000066667,0.000016667,0.000183333,0.000100000,0.000216667,0.000083333,0.000233333,0.000950000,0.000516667,0.000416667,0.000033333,0.006166667,0.006200000,0.001933333,0.002933333
2019-05-29 19:31:00,0.000300000,-0.000000000,0.035900002,0.036033335,0.000183333,0.000283333,0.000650000,0.000500000,0.000033333,0.000050000,0.000033333,0.000166667,0.000083333,0.000216667,0.000083333,0.000250000,0.000966667,0.000516667,0.000416667,0.000033333,0.006166667,0.006200000,0.001916667,0.002933333
2019-05-29 19:30:00,0.000300000,-0.000000000,0.035916668,0.036016668,0.000183333,0.000266667,0.000633333,0.000483333,0.000016667,0.000066667,0.000016667,0.000183333,0.000100000,0.000233333,0.000100000,0.000250000,0.000950000,0.000516667,0.000416667,0.000033333,0.006166667,0.006216667,0.001933333,0.002933333
2019-05-29 19:29:00,0.000300000,-0.000000000,0.035900002,0.036033335,0.000183333,0.000283333,0.000633333,0.000500000,0.000016667,0.000066667,0.000016667,0.000166667,0.000100000,0.000216667,0.000083333,0.000233333,0.000950000,0.000516667,0.000416667,0.000050000,0.006183334,0.006200000,0.001916667,0.002933333
2019-05-29 19:28:00,0.000300000,-0.000000000,0.035916668,0.036033335,0.000183333,0.000283333,0.000633333,0.000500000,0.000016667,0.000066667,0.000033333,0.000183333,0.000083333,0.000216667,0.000100000,0.000250000,0.000966667,0.000516667,0.000416667,0.000033333,0.006166667,0.006200000,0.001916667,0.002933333
2019-05-29 19:27:00,0.000300000,-0.000000000,0.035916668,0.036033335,0.000183333,0.000283333,0.000633333,0.000483333,0.000016667,0.000050000,0.000016667,0.000166667,0.000100000,0.000216667,0.000083333,0.000250000,0.000950000,0.000516667,0.000416667,0.000033333,0.006166667,0.006200000,0.001933333,0.002933333
2019-05-29 19:26:00,0.000300000,-0.000000000,0.035900002,0.036016668,0.000183333,0.000266667,0.000633333,0.000500000,0.000016667,0.000066667,0.000016667,0.000183333,0.000100000,0.000233333,0.000083333,0.000250000,0.000966667,0.000516667,0.000416667,0.000033333,0.006166667,0.006216667,0.001916667,0.002933333
2019-05-29 19:25:00,0.000316667,-0.000000000,0.035916668,0.036033335,0.000183333,0.000283333,0.000650000,0.000483333,0.000016667,0.000066667,0.000033333,0.000166667,0.000100000,0.000216667,0.000100000,0.000233333,0.000950000,0.000516667,0.000416667,0.000033333,0.006166667,0.006200000,0.001933333,0.002933333
2019-05-29 19:24:00,0.000283333,-0.000000000,0.035900002,0.036033335,0.000183333,0.000283333,0.000633333,0.000500000,0.000016667,0.000066667,0.000016667,0.000183333,0.000083333,0.000216667,0.000083333,0.000250000,0.000950000,0.000516667,0.000416667,0.000050000,0.006166667,0.006200000,0.001916667,0.002933333
2019-05-29 19:23:00,0.000300000,-0.000000000,0.035916668,0.036033335,0.000183333,0.000283333,0.000633333,0.000500000,0.000033333,0.000066667,0.000016667,0.000166667,0.000100000,0.000233333,0.000100000,0.000250000,0.000966667,0.000516667,0.000416667,0.000033333,0.006166667,0.006216667,0.001916667,0.002933333
2019-05-29 19:22:00,0.000316667,-0.000000000,0.035900002,0.036016668,0.000183333,0.000266667,0.000633333,0.000483333,0.000016667,0.000050000,0.000033333,0.000183333,0.000100000,0.000216667,0.000083333,0.000250000,0.000950000,0.000516667,0.000416667,0.000033333,0.006183334,0.006200000,0.001933333,0.002916667
2019-05-29 19:21:00,0.000283333,-0.000000000,0.035916668,0.036033335,0.000183333,0.000283333,0.000633333,0.000500000,0.000016667,0.000066667,0.000016667,0.000166667,0.000083333,0.000216667,0.000083333,0.000233333,0.000966667,0.000516667,0.000416667,0.000033333,0.006166667,0.006200000,0.001916667,0.002933333
2019-05-29 19:20:00,0.000316667,-0.000000000,0.035916668,0.036033335,0.000200000,0.000283333,0.000650000,0.000483333,0.000016667,0.000066667,0.000016667,0.000183333,0.000100000,0.000233333,0.000100000,0.000250000,0.000950000,0.000516667,0.000416667,0.000033333,0.006166667,0.006216667,0.001933333,0.002933333
2019-05-29 19:19:00,0.000316667,-0.000000000,0.035900002,0.036033335,0.000183333,0.000283333,0.000633333,0.000500000,0.000016667,0.000066667,0.000033333,0.000166667,0.000100000,0.000216667,0.000083333,0.000250000,0.000950000,0.000516667,0.000416667,0.000050000,0.006166667,0.006200000,0.001916667,0.002933333
2019-05-29 19:18:00,0.000300000,-0.000000000,0.035916668,0.036016668,0.000183333,0.000266667,0.000633333,0.000483333,0.000016667,0.000050000,0.000016667,0.000183333,0.000100000,0.000216667,0.000100000,0.000250000,0.000966667,0.000516667,0.000416667,0.000033333,0.006166667,0.006200000,0.001933333,0.002933333
2019-05-29 19:17:00,0.000283333,-0.000000000,0.035900002,0.036033335,0.000183333,0.000283333,0.000633333,0.000500000,0.000016667,0.000066667,0.000016667,0.000166667,0.000083333,0.000216667,0.000083333,0.000233333,0.000950000,0.000516667,0.000416667,0.000033333,0.006166667,0.006200000,0.001916667,0.002933333
2019-05-29 19:16:00,0.000316667,-0.000000000,0.035916668,0.036033335,0.000183333,0.000283333,0.000633333,0.000500000,0.000016667,0.000066667,0.000033333,0.000183333,0.000100000,0.000233333,0.000083333,0.000250000,0.000950000,0.000516667,0.000416667,0.000033333,0.006166667,0.006216667,0.001916667,0.002933333
2019-05-29 19:15:00,0.000300000,-0.000000000,0.035900002,0.036033335,0.000183333,0.000283333,0.000633333,0.000483333,0.000033333,0.000066667,0.000016667,0.000166667,0.000100000,0.000216667,0.000100000,0.000250000,0.000966667,0.000516667,0.000416667,0.000033333,0.006183334,0.006200000,0.001933333,0.002933333
2019-05-29 19:14:00,0.000300000,-0.000000000,0.035916668,0.036016668,0.000183333,0.000266667,0.000650000,0.000500000,0.000016667,0.000050000,0.000016667,0.000183333,0.000100000,0.000216667,0.000083333,0.000250000,0.000950000,0.000516667,0.000416667,0.000050000,0.006166667,0.006200000,0.001916667,0.002933333
2019-05-29 19:13:00,0.000300000,-0.000000000,0.035900002,0.036033335,0.000183333,0.000283333,0.000633333,0.000483333,0.000016667,0.000066667,0.000033333,0.000166667,0.000083333,0.000233333,0.000100000,0.000233333,0.000966667,0.000516667,0.000416667,0.000033333,0.006166667,0.006216667,0.001933333,0.002933333
2019-05-29 19:12:00,0.000300000,-0.000000000,0.035916668,0.036033335,0.000183333,0.000283333,0.000633333,0.000500000,0.000016667,0.000066667,0.000016667,0.000183333,0.000100000,0.000216667,0.000083333,0.000250000,0.000950000,0.000516667,0.000416667,0.000033333,0.006166667,0.006200000,0.001916667,0.002933333
2019-05-29 19:11:00,2.161633436,-0.000000000,224.557260666,225.377110705,1.143200054,1.734850082,4.243333535,3.206283486,0.214966677,0.373816684,0.342833333,1.347933333,0.675600000,1.723083333,0.605150000,2.487200118,7.000883666,3.917683519,3.359616826,0.226950000,55.773585982,56.312219341,17.532300000,26.542533333
2019-05-29 19:10:00,3.654816840,-0.000000000,94.622271161,94.987687845,0.345950016,0.494433357,9.466400450,7.519683690,0.179366675,0.175933342,1.813983333,4.046433333,1.494883333,3.399833333,1.661050000,9.549117120,9.559800454,9.531567119,4.822066896,0.065483333,23.436767780,23.344017775,7.490133333,11.087650000
2019-05-29 19:09:00,9.107633766,-0.000000000,236.532361235,237.448661278,0.856816707,1.234400059,23.635484456,18.825417561,0.447100021,0.439950021,4.518700000,10.105850000,3.732116667,8.483450000,4.153533333,23.807484464,23.854051133,23.791067797,12.028167238,0.164433333,58.537369447,58.326936104,18.701766667,27.695850000
2019-05-29 19:08:00,9.074717098,-0.000000000,236.569994570,237.556244617,0.854116707,1.237683392,23.601801121,18.802550893,0.446816688,0.439133354,4.508400000,10.091950000,3.712200000,8.453583333,4.150016667,23.757951128,23.740451128,23.694701125,11.989400569,0.165783333,58.551236114,58.241486100,18.678516667,27.687416667
2019-05-29 19:07:00,9.018317095,-0.000000000,236.489711233,237.498844614,0.851183374,1.238483392,23.458517781,18.691967554,0.446750021,0.438450021,4.480500000,10.028766667,3.686633333,8.407700000,4.121533333,23.614167788,23.641517790,23.549784452,11.951250568,0.167050000,58.449886110,58.113202760,18.633416667,27.624933333
2019-05-29 19:06:00,8.967100426,-0.000000000,236.555877902,237.526961282,0.850116707,1.242550059,23.352234443,18.619567551,0.446233355,0.436550021,4.455683333,9.984533333,3.661300000,8.387266667,4.105150000,23.492034449,23.565117786,23.450167780,11.956583901,0.167683333,58.456969443,58.168919430,18.655600000,27.645316667
2019-05-29 19:05:00,8.954433759,-0.000000000,236.567244570,237.541077949,0.843633373,1.244483392,23.253551104,18.534767547,0.447066688,0.437833354,4.448483333,9.949433333,3.662316667,8.365566667,4.083600000,23.426401113,23.585884454,23.385251111,11.927967233,0.169750000,58.385369440,58.094569426,18.615200000,27.612216667
2019-05-29 19:04:00,8.953633759,-0.000000000,236.287311223,237.238194602,0.849000040,1.246450059,23.243134437,18.556334215,0.446866688,0.438200021,4.441050000,9.938116667,3.663583333,8.361233333,4.079600000,23.409084445,23.641501123,23.391351111,11.946433901,0.169800000,58.305719436,58.059302758,18.607766667,27.551050000
2019-05-29 19:03:00,8.898817089,-0.000000000,236.315561224,237.274427937,0.844933373,1.251200059,23.166867767,18.476334211,0.446400021,0.437766687,4.418250000,9.897083333,3.635633333,8.304500000,4.064900000,23.309784440,23.442667780,23.233301104,11.860183897,0.171133333,58.384536106,58.124186094,18.662983333,27.588833333
2019-05-29 19:02:00,8.881867089,-0.000000000,236.626611239,237.636061287,0.830733373,1.249800059,23.089167763,18.407367541,0.446433355,0.437933354,4.409250000,9.876250000,3.641883333,8.315983333,4.054150000,23.231467770,23.485567782,23.221167770,11.872117231,0.172933333,58.386936107,58.083019425,18.647083333,27.618783333
2019-05-29 19:01:00,8.832467086,-0.000000000,237.094261261,238.049461307,0.799300038,1.126466720,23.022834427,18.402617541,0.445866688,0.437650021,4.404700000,9.876783333,3.628466667,8.291550000,4.053966667,23.161801100,23.335284442,23.116001098,11.808000561,0.133200000,58.406602774,58.148802762,18.658566667,27.690450000
2019-05-29 19:00:00,8.796100418,-0.000000000,237.095044595,238.100211309,0.798266705,1.133266720,22.923451089,18.302950869,0.446416688,0.436283354,4.390200000,9.833766667,3.607633333,8.268666667,4.032600000,23.075351096,23.178517768,23.058734429,11.766267226,0.135416667,58.463069444,58.151619429,18.675083333,27.707516667
2019-05-29 18:59:00,8.791683751,-0.000000000,236.756044579,237.779444627,0.829650039,1.265366727,22.888984421,18.276550868,0.445933355,0.436900021,4.371916667,9.802583333,3.590116667,8.217150000,4.022600000,23.027684427,23.137684432,22.935284423,11.721150557,0.178250000,58.440986109,58.112286094,18.658233333,27.654500000
2019-05-29 18:58:00,8.766700416,-0.000000000,236.724161244,237.812394629,0.823283372,1.267516727,22.800217750,18.197850864,0.446733355,0.436316687,4.363783333,9.767983333,3.579633333,8.204300000,4.002066667,22.959751091,23.142584433,22.874534420,11.729267224,0.179666667,58.417102775,58.012152755,18.628750000,27.625216667
2019-05-29 18:57:00,8.744283749,-0.000000000,236.537244568,237.584594618,0.818916706,1.265750060,22.689034411,18.109350860,0.448500021,0.435500021,4.363283333,9.728333333,3.562083333,8.178783333,3.971916667,22.917467755,22.965901091,22.849784419,11.675683888,0.180083333,58.367586106,57.994436088,18.620300000,27.585083333
2019-05-29 18:56:00,8.731233748,-0.000000000,236.662227908,237.658677955,0.831283373,1.280433394,22.611867741,18.030284190,0.448566688,0.436366687,4.349266667,9.695916667,3.550683333,8.137016667,3.959116667,22.842934418,22.914851088,22.714684412,11.618833885,0.181983333,58.402486107,58.115719427,18.648533333,27.633666667
2019-05-29 18:55:00,8.691000413,-0.000000000,236.108311215,237.160144598,0.808983372,1.263633393,22.690684411,18.116450860,0.447050021,0.436233354,4.337300000,9.700700000,3.544716667,8.125816667,3.971450000,22.867617753,22.978901091,22.716334412,11.647450553,0.181516667,58.387786107,58.027986090,18.631950000,27.548183333
2019-05-29 18:54:00,8.636983744,-0.000000000,236.580611237,237.617177953,0.809566705,1.278450061,22.493467735,17.965484187,0.446900021,0.435916687,4.306766667,9.636550000,3.520650000,8.076533333,3.942866667,22.667917743,22.731901080,22.551451071,11.536633881,0.184750000,58.553836114,58.209202765,18.712300000,27.684616667
2019-05-29 18:53:00,8.657483745,-0.000000000,236.782344580,237.793794628,0.814000039,1.287550061,22.509434402,17.942900852,0.447383355,0.436633354,4.316166667,9.646333333,3.527316667,8.079666667,3.945150000,22.699534412,22.703101078,22.562534405,11.511133880,0.186883333,58.459652777,58.161469429,18.663600000,27.672966667
2019-05-29 18:52:00,8.585583741,-0.000000000,236.133544549,237.145761264,0.803266705,1.276366727,22.356251062,17.838117514,0.447266688,0.436566687,4.275116667,9.558766667,3.507200000,8.032633333,3.908600000,22.545584404,22.686351078,22.475284401,11.492933879,0.185783333,58.332752771,58.025502756,18.607250000,27.535250000
2019-05-29 18:51:00,8.556833740,-0.000000000,235.634344525,236.682844575,0.794233371,1.269466727,22.285284392,17.855567515,0.447766688,0.436450021,4.268483333,9.534150000,3.494116667,8.006266667,3.891550000,22.505801069,22.585684406,22.469784401,11.456667211,0.185933333,58.377986106,58.009636089,18.618583333,27.486116667
2019-05-29 18:50:00,8.518850405,-0.000000000,235.838927868,236.881011251,0.801033371,1.280600061,22.248367723,17.715534175,0.446616688,0.436000021,4.236283333,9.484650000,3.481533333,7.984966667,3.883033333,22.402117731,22.577351072,22.357601062,11.449633877,0.187800000,58.221169432,57.864069415,18.543200000,27.438083333
2019-05-29 18:49:00,8.438517067,-0.000000000,236.514944567,237.602361286,0.752683369,1.154800055,22.092084383,17.595984169,0.446700021,0.435900021,4.220983333,9.448700000,3.464850000,7.948466667,3.863533333,22.251451057,22.508884402,22.152167719,11.402150542,0.149300000,58.078769425,57.662219405,18.447583333,27.437616667
2019-05-29 18:48:00,8.443350401,-0.000000000,236.308377891,237.301861271,0.747583369,1.156383388,22.102984383,17.588517502,0.448483355,0.436000021,4.239216667,9.453083333,3.456550000,7.926966667,3.855483333,22.320684394,22.426684399,22.130884384,11.366500540,0.149466667,58.113386094,57.829136080,18.513583333,27.455933333
2019-05-29 18:47:00,8.439167068,-0.000000000,236.071761213,237.168827932,0.802300038,1.298333395,21.915584374,17.566200834,0.447166688,0.436833354,4.199700000,9.391416667,3.437166667,7.868650000,3.830466667,22.113134384,22.312234393,21.991951045,11.287283869,0.192783333,58.272469434,57.874102749,18.569566667,27.482850000
2019-05-29 18:46:00,8.422717067,-0.000000000,236.482594566,237.542961283,0.807400038,1.316533396,21.807451036,17.411100827,0.447800021,0.437733354,4.184316667,9.345500000,3.431000000,7.838616667,3.809200000,22.009001045,22.311967726,21.843117704,11.253183868,0.196833333,58.068502758,57.734419409,18.486616667,27.446950000
2019-05-29 18:45:00,8.398200399,-0.000000000,236.311894558,237.400311276,0.804833372,1.316716729,21.790067702,17.386900826,0.448216688,0.436116687,4.184116667,9.334466667,3.409250000,7.817066667,3.801766667,22.012584379,22.246267723,21.778651034,11.249000534,0.197700000,58.100702760,57.728602742,18.478550000,27.435100000
2019-05-29 18:44:00,8.367417064,-0.000000000,236.201744552,237.274077937,0.806516705,1.320350063,21.686801030,17.301234155,0.447633355,0.436900021,4.153916667,9.279933333,3.406983333,7.797850000,3.782416667,21.887834373,22.254167724,21.731551032,11.231183867,0.199066667,57.972519420,57.639552738,18.422400000,27.369966667
2019-05-29 18:43:00,8.334450396,-0.000000000,236.216094553,237.274911270,0.820400039,1.334066730,21.572251025,17.198384150,0.447533355,0.436633354,4.129700000,9.227633333,3.384350000,7.750900000,3.761583333,21.768451034,22.042101047,21.622151027,11.140650529,0.200516667,58.017136089,57.685886073,18.446933333,27.392350000
2019-05-29 18:42:00,8.304517061,-0.000000000,236.115111215,237.148261264,0.824116706,1.341183397,21.445151019,17.119684146,0.447883355,0.436316687,4.111066667,9.178566667,3.369333333,7.722066667,3.736883333,21.658934362,22.030151046,21.524634356,11.131433862,0.202233333,57.959819420,57.681836073,18.437516667,27.364633333
2019-05-29 18:41:00,8.287983727,-0.000000000,235.984027875,237.041811259,0.810116705,1.333500063,21.491151021,17.145417481,0.447433355,0.435350021,4.110966667,9.187383333,3.366900000,7.732533333,3.744033333,21.689601030,21.947951042,21.593567692,11.123700528,0.202600000,58.053369424,57.734886076,18.474883333,27.385583333
2019-05-29 18:40:00,8.259767059,-0.000000000,236.268177889,237.350544607,0.816700039,1.345066731,21.396384350,17.089067478,0.446966688,0.434516687,4.093883333,9.159133333,3.349183333,7.708366667,3.733150000,21.577967692,21.832501037,21.487267687,11.087500527,0.205316667,58.263502767,57.890386083,18.574550000,27.506533333
2019-05-29 18:39:00,8.206883723,-0.000000000,235.493611185,236.571261237,0.807616705,1.333583397,21.265434343,17.027234142,0.447516688,0.435016687,4.068416667,9.090333333,3.330850000,7.657250000,3.698683333,21.475651020,21.778217701,21.418101017,11.046883858,0.204666667,58.291086102,57.941119419,18.615733333,27.434700000
2019-05-29 18:38:00,8.151000387,-0.000000000,235.123261168,236.105044548,0.804650038,1.333050063,21.179517673,16.918734137,0.447250021,0.434866687,4.036216667,9.024883333,3.310133333,7.610016667,3.675483333,21.375751015,21.684567697,21.319384346,11.000817189,0.205166667,58.058686091,57.816252746,18.522016667,27.301883333
2019-05-29 18:37:00,8.009667047,-0.000000000,235.762411198,236.770527913,0.723583368,1.196850057,21.007267664,16.795367464,0.445783355,0.435416687,3.996950000,8.968266667,3.289133333,7.555233333,3.658550000,21.153834338,21.496817688,21.107067669,10.892533851,0.167266667,58.093269426,57.823419413,18.527500000,27.387383333
2019-05-29 18:36:00,8.013717047,-0.000000000,236.058311212,237.151327931,0.736800035,1.212416724,20.911700993,16.682500792,0.447250021,0.433600021,3.999116667,8.941833333,3.277800000,7.560150000,3.638166667,21.099567669,21.428551018,21.077784334,10.898317184,0.168716667,58.295002769,57.903602750,18.600866667,27.493366667
2019-05-29 18:35:00,8.090267051,-0.000000000,236.627844573,237.747277959,0.839266707,1.386266733,20.697250983,16.588417455,0.447383355,0.434883354,3.979633333,8.895833333,3.271366667,7.522350000,3.611100000,20.906984326,21.308434345,20.931834328,10.807017180,0.213633333,58.298252769,57.905936084,18.595733333,27.562416667
2019-05-29 18:34:00,8.053217049,-0.000000000,236.224794553,237.361044607,0.837300040,1.387050066,20.631434313,16.529750785,0.447533355,0.434100021,3.961216667,8.851716667,3.254700000,7.496866667,3.591583333,20.841767657,21.281017677,20.877084325,10.807150513,0.216100000,58.245302767,57.825436080,18.578100000,27.484966667
2019-05-29 18:33:00,8.010800380,-0.000000000,236.648527907,237.855311298,0.846033374,1.406666733,20.546067643,16.411000779,0.446333355,0.434233354,3.931350000,8.808466667,3.233416667,7.446700000,3.581600000,20.705050983,21.143851004,20.686100983,10.726650509,0.220483333,58.288369435,57.800452745,18.576583333,27.542566667
2019-05-29 18:32:00,7.966350378,-0.000000000,236.593777904,237.791594628,0.850233374,1.412116734,20.411917636,16.306884108,0.446116688,0.433950021,3.903183333,8.748966667,3.212933333,7.403650000,3.556766667,20.567750977,21.058634334,20.555467643,10.683167174,0.222133333,58.331419437,57.870202749,18.612883333,27.562483333
2019-05-29 18:31:00,7.915833709,-0.000000000,235.594677857,236.706677910,0.842850040,1.397300066,20.293934297,16.265884106,0.447383355,0.434550021,3.885116667,8.685400000,3.187866667,7.335366667,3.521200000,20.503100974,20.980650997,20.456700972,10.628650505,0.220316667,58.142536095,57.764036077,18.553900000,27.371633333
2019-05-29 18:30:00,7.879967041,-0.000000000,235.662861193,236.800344581,0.858416707,1.416316734,20.131167623,16.095267431,0.447533355,0.433950021,3.853000000,8.609516667,3.168550000,7.302366667,3.489150000,20.340017633,20.907517660,20.337750966,10.597850503,0.222616667,58.233919433,57.847536081,18.598233333,27.422400000
2019-05-29 18:29:00,7.876483707,-0.000000000,235.605911191,236.666694574,0.865716708,1.423433401,20.250300962,16.108500765,0.445900021,0.433133354,3.844233333,8.621316667,3.166533333,7.309316667,3.509300000,20.391784302,20.944067661,20.346750966,10.628850505,0.223716667,58.307586103,58.023769423,18.650716667,27.470216667
2019-05-29 18:28:00,7.856083706,-0.000000000,235.649161193,236.743294578,0.868283375,1.427816734,20.151750957,16.077284097,0.445783355,0.434033354,3.831583333,8.594933333,3.156216667,7.271516667,3.495916667,20.301917631,20.853834324,20.246267628,10.562167168,0.225416667,58.339336104,58.025252756,18.653683333,27.485150000
2019-05-29 18:27:00,7.789900370,-0.000000000,235.638394526,236.781127913,0.870416708,1.433450068,19.968867615,15.943600757,0.445683355,0.432200021,3.797766667,8.520383333,3.121716667,7.222483333,3.463533333,20.117767622,20.700317650,20.081350954,10.518500500,0.227950000,58.204102765,57.827086080,18.568550000,27.407950000
2019-05-29 18:26:00,7.803167037,-0.000000000,237.116411262,238.338561320,0.891933376,1.473566737,19.730650937,15.782767416,0.447033355,0.433450021,3.796833333,8.492666667,3.114400000,7.185933333,3.437650000,19.931367613,20.479950973,19.870984277,10.381333826,0.235383333,58.565469448,58.100486093,18.710216667,27.735183333
2019-05-29 18:25:00,7.674383698,-0.000000000,237.574344618,238.848144678,0.780150037,1.325050063,19.692717602,15.700150746,0.446166688,0.434150021,3.781066667,8.473266667,3.113166667,7.170416667,3.435750000,19.859267610,20.492800973,19.768034272,10.358200492,0.198316667,58.623836118,58.100469426,18.709966667,27.805433333
2019-05-29 18:24:00,7.641950363,-0.000000000,236.728644577,237.961627969,0.763600036,1.287900061,19.726917604,15.726517414,0.445916688,0.434200021,3.770100000,8.454300000,3.108250000,7.158183333,3.431616667,19.883000944,20.451017638,19.835884275,10.348317158,0.189916667,58.631786118,58.138319428,18.743033333,27.715200000
2019-05-29 18:23:00,12.811450609,-0.000000000,236.080077880,236.526244568,5.968600283,5.858816945,19.690184269,15.759900749,0.444433354,0.435733354,3.738416667,8.412683333,3.104433333,7.124766667,3.423316667,19.837484276,20.429750970,19.831884275,10.328100491,-0.170283333,58.268402768,58.052886091,18.625983333,27.487216667
2019-05-29 18:22:00,13.066667287,-0.000000000,235.438027849,235.888894537,6.269700298,6.125916958,19.638134266,15.645750743,0.445100021,0.435666687,3.717616667,8.351916667,3.079350000,7.067800000,3.398200000,19.790350940,20.371684301,19.708150936,10.291917156,-0.191650000,57.946969419,57.675469406,18.456250000,27.248066667
2019-05-29 18:21:00,12.631483933,-0.000000000,235.382427847,235.832761201,5.879200279,5.752016940,19.446234257,15.509234070,0.446133355,0.435350021,3.695050000,8.282133333,3.057233333,7.022716667,3.360216667,19.639084266,20.320350965,19.555717596,10.259933821,-0.153250000,58.197052764,57.993836088,18.603416667,27.375483333
2019-05-29 18:20:00,7.733500367,-0.000000000,235.324261177,236.441811230,1.017133382,1.548550074,19.334217585,15.416167399,0.446550021,0.432733354,3.680216667,8.241466667,3.036150000,7.014833333,3.337700000,19.513034260,20.263567629,19.494650926,10.265983821,0.217800000,58.501919445,58.164702763,18.752200000,27.519900000
2019-05-29 18:19:00,7.465033688,-0.000000000,235.547494521,236.708361243,0.774016703,1.306633395,19.303350917,15.367584063,0.446583355,0.431850021,3.675416667,8.229250000,3.015600000,6.982700000,3.332400000,19.473167592,20.111700955,19.382050921,10.212217152,0.197166667,58.579752782,58.183569430,18.796783333,27.571333333
2019-05-29 18:18:00,7.513567024,-0.000000000,235.811127867,237.016544591,0.844100040,1.397116733,19.155267576,15.309817394,0.446900021,0.432616687,3.663233333,8.196150000,3.006233333,6.949366667,3.311500000,19.348517586,20.023034284,19.269050915,10.149250482,0.217566667,58.493469445,58.053402757,18.738516667,27.553550000
2019-05-29 18:17:00,7.545333692,-0.000000000,235.873211203,237.064861260,0.943333378,1.518133405,18.946100900,15.121850718,0.447566688,0.432066687,3.628083333,8.107916667,2.973916667,6.882666667,3.271166667,19.155484243,19.834417609,19.069550906,10.059350478,0.246000000,58.179702763,57.785086078,18.577250000,27.422333333
2019-05-29 18:16:00,7.512667023,-0.000000000,235.761461198,236.948511254,0.956683379,1.532133406,18.867550896,15.033584047,0.446100021,0.433150021,3.592566667,8.053500000,2.963416667,6.841266667,3.257150000,19.030117571,19.825850942,18.945150900,10.022217143,0.248533333,58.260519434,57.871669415,18.624766667,27.448650000
2019-05-29 18:15:00,7.455983687,-0.000000000,236.288094556,237.493094614,0.980566713,1.563083408,18.565800882,14.846834039,0.445983355,0.432616687,3.548550000,7.957683333,2.926866667,6.765016667,3.213500000,18.735650890,19.558117596,18.686800888,9.893267137,0.254816667,58.392869440,58.004702755,18.677250000,27.573733333
2019-05-29 18:14:00,7.446583687,-0.000000000,236.801594581,237.966211303,1.002950048,1.595583409,18.515650879,14.744700700,0.445750021,0.432233354,3.536350000,7.934116667,2.907283333,6.725800000,3.206533333,18.668817553,19.457434258,18.512800879,9.841600467,0.259316667,58.370969439,58.035102757,18.673700000,27.633100000
2019-05-29 18:13:00,7.409133685,-0.000000000,237.089494594,238.279044651,1.020116715,1.615850077,18.308467536,14.605017360,0.444516688,0.433216687,3.491633333,7.854833333,2.897383333,6.688216667,3.176450000,18.432850876,19.365567586,18.387950873,9.772850464,0.263166667,58.415986108,58.074386092,18.698916667,27.688083333
2019-05-29 18:12:00,7.383033684,-0.000000000,238.519627996,239.737994720,1.040666716,1.655300079,18.063817525,14.451267353,0.444100021,0.431750021,3.466916667,7.807866667,2.875450000,6.659666667,3.153100000,18.190734197,19.191017578,18.169200863,9.702367128,0.271950000,58.365302772,58.005986088,18.624083333,27.828000000
2019-05-29 18:11:00,7.378450350,-0.000000000,238.538844663,239.774044722,1.047066716,1.664483412,18.061217525,14.416367351,0.444350021,0.434150021,3.464883333,7.799300000,2.866500000,6.601800000,3.149683333,18.185800864,19.203767579,17.982984187,9.643067125,0.273666667,58.160486096,57.793719412,18.513766667,27.731416667
2019-05-29 18:10:00,7.331883682,-0.000000000,238.455377993,239.717644719,1.056183383,1.670850079,17.978167521,14.270650678,0.444266688,0.432416687,3.438050000,7.738416667,2.837650000,6.561916667,3.127850000,18.085917526,19.040984238,17.870967515,9.596750456,0.275150000,58.291952769,57.887369416,18.577016667,27.777166667
2019-05-29 18:09:00,7.283617013,-0.000000000,238.281744651,239.540528044,1.066466717,1.678950080,17.762584177,14.196084008,0.444166688,0.432066687,3.406366667,7.668983333,2.810783333,6.505666667,3.093483333,17.893867517,18.766700891,17.771517511,9.480783784,0.276750000,58.510736112,58.103102760,18.696233333,27.860616667
2019-05-29 18:08:00,7.208350342,-0.000000000,238.063094641,239.334078034,1.012883381,1.612916743,17.681484173,14.129184004,0.445000021,0.431466687,3.396650000,7.632000000,2.798816667,6.486250000,3.073766667,17.834550847,18.767084225,17.711517508,9.483783784,0.260600000,58.671719453,58.229619432,18.780366667,27.904483333
2019-05-29 18:07:00,7.086317003,-0.000000000,238.484477994,239.740761387,0.920766710,1.510666738,17.510317498,14.035817333,0.445033354,0.430950020,3.374716667,7.583716667,2.790833333,6.475516667,3.049550000,17.670817506,18.715734222,17.638100838,9.464767116,0.237150000,58.853386129,58.424552775,18.879183333,28.042916667
2019-05-29 18:06:00,8.982300427,-0.000000000,237.287444604,238.196077980,2.857650136,3.150016816,17.524684166,14.008233999,0.445216688,0.432333354,3.357216667,7.539500000,2.767433333,6.401400000,3.034016667,17.697717507,18.645250886,17.535500833,9.405783780,0.081850000,58.506519446,58.228136099,18.750633333,27.753100000
2019-05-29 18:05:00,12.054167239,-0.000000000,236.898894585,237.319511272,5.976316951,5.841416944,17.363750825,13.830067324,0.446550021,0.433100021,3.325683333,7.447383333,2.752166667,6.355416667,2.992216667,17.575867501,18.569984215,17.447050829,9.364050445,-0.143666667,57.880302749,57.744369409,18.459550000,27.415716667
2019-05-29 18:04:00,11.869017230,-0.000000000,237.442844611,237.940377968,5.830216944,5.700566937,17.305667489,13.808600656,0.443366688,0.432350021,3.292766667,7.426566667,2.746033333,6.351383333,2.997266667,17.432167495,18.567184215,17.365167491,9.364383778,-0.123983333,58.290052769,58.117386094,18.661850000,27.669083333
2019-05-29 18:03:00,9.583867122,-0.000000000,237.240977935,238.066977974,3.591483504,3.790550180,17.143284148,13.711200651,0.443866688,0.431783354,3.269983333,7.366466667,2.722400000,6.305016667,2.966416667,17.279334154,18.416800875,17.247734153,9.296417108,0.085116667,58.650486119,58.395402774,18.848200000,27.816533333
2019-05-29 18:02:00,7.109667004,-0.000000000,237.068961260,238.281511318,1.131916720,1.724866749,17.200617484,13.631200647,0.445583354,0.429600020,3.282650000,7.365733333,2.695100000,6.273883333,2.962000000,17.350200824,18.309734203,17.148084148,9.268917107,0.285350000,58.565636115,58.226636099,18.783800000,27.758850000
2019-05-29 18:01:00,7.117500338,-0.000000000,237.176244599,238.317677986,1.141900054,1.736483416,17.056584143,13.667483983,0.446433355,0.429950020,3.285216667,7.355966667,2.690383333,6.257950000,2.944516667,17.264684153,18.307867536,17.081634145,9.259183773,0.287216667,58.506319446,58.255936100,18.784866667,27.760150000
2019-05-29 18:00:00,7.095683670,-0.000000000,237.169177932,238.316394653,1.154416721,1.747983416,16.987917474,13.612117313,0.444933354,0.430083354,3.255100000,7.315883333,2.686166667,6.245683333,2.936433333,17.151634148,18.246117533,17.063117477,9.226667105,0.288866667,58.387686107,58.143469428,18.711483333,27.704566667
2019-05-29 17:59:00,7.137417006,-0.000000000,236.916077920,238.096944642,1.164533389,1.756316750,17.107317479,13.629183981,0.445916688,0.430950020,3.274416667,7.342400000,2.698466667,6.262283333,2.947066667,17.276217487,18.348834205,17.122417480,9.263967107,0.289716667,58.073686092,57.769236077,18.542750000,27.513600000
2019-05-29 17:58:00,7.052567002,-0.000000000,236.763211246,237.977527970,1.178616723,1.765066751,16.901567469,13.465333973,0.444250021,0.430616687,3.216333333,7.239750000,2.657616667,6.171866667,2.911450000,17.025400809,18.218650865,16.836500800,9.184233770,0.291600000,57.987452754,57.671969406,18.506850000,27.454333333
2019-05-29 17:57:00,6.986300332,-0.000000000,235.817777867,237.067411260,1.185050056,1.758516750,16.758500796,13.348633967,0.444250021,0.429800020,3.175766667,7.148950000,2.625483333,6.107950000,2.874550000,16.877784135,18.029634190,16.742784129,9.110217099,0.289833333,58.071702758,57.712569408,18.559283333,27.376666667
2019-05-29 17:56:00,6.849283659,-0.000000000,236.392561228,237.633444620,1.042866716,1.609150076,16.665617458,13.312733966,0.445133354,0.430766687,3.180416667,7.144100000,2.626000000,6.096916667,2.863733333,16.820367466,18.065300858,16.645517457,9.098233765,0.254883333,57.986819421,57.622569404,18.506600000,27.401216667
2019-05-29 17:55:00,6.792400323,-0.000000000,236.578977904,237.783444627,1.042066716,1.609366743,16.478634116,13.169233959,0.445450021,0.430750020,3.150616667,7.072716667,2.599716667,6.034250000,2.831033333,16.641900790,17.862800848,16.464067449,8.996400427,0.253116667,57.871352749,57.566102734,18.467233333,27.379750000
2019-05-29 17:54:00,6.950816997,-0.000000000,236.611877905,237.822627963,1.232100059,1.814216753,16.530934119,13.232767295,0.442316688,0.428383354,3.131583333,7.081466667,2.587133333,6.040700000,2.852133333,16.610934122,17.906584184,16.431434114,9.052083763,0.294900000,57.945402752,57.656936072,18.503866667,27.423150000
2019-05-29 17:53:00,6.989883665,-0.000000000,236.976827922,238.133544644,1.253133393,1.844683421,16.291484107,13.062617287,0.446466688,0.430583354,3.139400000,7.026916667,2.597350000,6.032366667,2.801633333,16.509267451,17.781300845,16.446617448,8.965250426,0.304116667,58.011736089,57.785169411,18.539066667,27.508266667
2019-05-29 17:52:00,6.898900328,-0.000000000,236.929394587,238.116677977,1.270266727,1.862733422,16.111834099,12.938667281,0.443466688,0.430900020,3.074366667,6.932516667,2.554266667,5.927450000,2.776983333,16.239750771,17.641317505,16.105150765,8.868367088,0.307316667,57.984952754,57.733486076,18.537416667,27.485950000
2019-05-29 17:51:00,6.892766994,-0.000000000,236.531027901,237.716861291,1.291050061,1.875716756,16.087317431,12.912733947,0.442666688,0.430683354,3.055783333,6.903233333,2.545933333,5.911316667,2.769616667,16.191400769,17.678767506,16.064900763,8.882367089,0.308733333,57.949886086,57.727286075,18.542666667,27.429916667
2019-05-29 17:50:00,6.841716992,-0.000000000,236.406477895,237.609511286,1.296200062,1.878500089,15.961917425,12.754900606,0.442966688,0.429250020,3.025300000,6.830533333,2.520216667,5.871716667,2.740366667,16.056534096,17.545950833,15.951350758,8.840900420,0.309266667,57.860469415,57.603986069,18.493883333,27.366233333
2019-05-29 17:49:00,6.826250324,-0.000000000,236.110744548,237.237344602,1.302483395,1.878050089,15.804084084,12.687617269,0.445000021,0.430316687,3.018700000,6.784000000,2.505066667,5.821700000,2.707666667,15.968517425,17.430184161,15.849734086,8.765117083,0.308933333,57.645552738,57.467669396,18.400400000,27.244433333
2019-05-29 17:48:00,6.743616987,-0.000000000,236.489661233,237.649911288,1.322116729,1.902766757,15.585167407,12.402617256,0.444866688,0.429216687,2.967783333,6.670350000,2.453716667,5.717250000,2.664200000,15.726100747,17.155434148,15.502767403,8.630433743,0.313383333,57.568069401,57.384519392,18.351500000,27.251883333
2019-05-29 17:47:00,6.688750318,-0.000000000,236.591094571,237.744294626,1.343383397,1.927166758,15.370517397,12.232667248,0.444433354,0.428150020,2.923833333,6.578983333,2.421533333,5.656333333,2.627800000,15.499067403,16.869684135,15.351267396,8.514900404,0.315600000,57.503136065,57.322436056,18.314116667,27.233050000
2019-05-29 17:46:00,6.624816981,-0.000000000,236.694144576,237.856761298,1.352350064,1.936116759,15.224184056,12.147800577,0.441916688,0.428900020,2.878850000,6.514800000,2.393616667,5.581083333,2.608916667,15.301134060,16.785367464,15.097584050,8.440217068,0.318966667,57.542452733,57.351469391,18.338383333,27.261633333
2019-05-29 17:45:00,6.625000315,-0.000000000,237.866694631,239.036711354,1.361450065,1.965683427,15.056550715,12.037633905,0.442683354,0.427250020,2.872166667,6.487533333,2.391383333,5.597416667,2.589950000,15.161934053,16.633250790,15.087950717,8.402617066,0.324583333,57.845436081,57.654669405,18.477966667,27.541583333
2019-05-29 17:44:00,6.503100309,-0.000000000,238.530544663,239.687811385,1.216350058,1.813283419,15.070734049,12.084733907,0.441933354,0.428833354,2.880433333,6.517450000,2.406316667,5.611333333,2.602966667,15.165067387,16.741250795,15.065217382,8.418533733,0.289616667,57.953402753,57.779236078,18.527516667,27.672833333
2019-05-29 17:43:00,6.449133640,-0.000000000,238.504927995,239.639494716,1.202033390,1.795550085,14.837084038,11.958533901,0.444550021,0.429116687,2.867350000,6.449650000,2.379750000,5.546000000,2.557750000,15.012084046,16.641467457,14.860517373,8.352933730,0.286100000,57.961569420,57.802202745,18.540100000,27.676066667
2019-05-29 17:42:00,10.293367156,-0.000000000,236.924744587,237.353694607,5.113083576,5.077333574,14.845834038,11.850617230,0.443016688,0.431650021,2.818133333,6.361850000,2.362150000,5.473066667,2.539283333,14.974150711,16.561850787,14.797700703,8.287667060,-0.059033333,57.631069404,57.700452741,18.447566667,27.349666667
2019-05-29 17:41:00,10.811717180,-0.000000000,237.167677932,237.492427947,5.606533600,5.493150261,14.805834037,11.897133898,0.443700021,0.431883354,2.830333333,6.378183333,2.374850000,5.499433333,2.537900000,14.975350711,16.687567459,14.834734038,8.341900396,-0.092366667,57.696786074,57.841969414,18.490666667,27.420816667
2019-05-29 17:40:00,10.538767167,-0.000000000,237.339544606,237.708111291,5.332783587,5.233416915,14.835784038,11.907267232,0.441950021,0.432683354,2.818900000,6.380233333,2.387083333,5.515816667,2.549033333,14.951817377,16.732934128,14.876200707,8.351083730,-0.063000000,57.685386073,57.799919412,18.473933333,27.430483333
2019-05-29 17:39:00,6.665733650,-0.000000000,237.084261261,238.208161314,1.522166739,2.062133431,14.733734033,11.796217227,0.443416688,0.428050020,2.810333333,6.337200000,2.333233333,5.451266667,2.522233333,14.863034039,16.592717455,14.630700695,8.322883729,0.285200000,57.682102740,57.538219400,18.423266667,27.381733333
2019-05-29 17:38:00,6.390016970,-0.000000000,237.053827926,238.283844651,1.269883394,1.841133421,14.630484028,11.742950558,0.442616688,0.430883354,2.787500000,6.296900000,2.332633333,5.414600000,2.506666667,14.743867367,16.535250785,14.548050691,8.250483725,0.290983333,57.878852749,57.633186071,18.513500000,27.453766667
2019-05-29 17:37:00,6.571183645,-0.000000000,237.365127941,238.612144667,1.431383401,2.021166763,14.650734029,11.759517225,0.443850021,0.429150020,2.805233333,6.320666667,2.334566667,5.440183333,2.511250000,14.791300703,16.461150782,14.623700695,8.251867059,0.328883333,57.972302754,57.695752740,18.545116667,27.527783333
2019-05-29 17:36:00,6.549966978,-0.000000000,237.331444606,238.601111333,1.488966737,2.079466765,14.492317355,11.571567216,0.444133354,0.428066687,2.769866667,6.236366667,2.291133333,5.352733333,2.476566667,14.627200695,16.277484106,14.347784015,8.162467054,0.341950000,58.125119427,57.851886081,18.628650000,27.598783333
2019-05-29 17:35:00,6.479216974,-0.000000000,236.983144589,238.250611316,1.497500071,2.081350099,14.243750677,11.478583879,0.442316688,0.427483354,2.716833333,6.142450000,2.264883333,5.297233333,2.439183333,14.363884016,16.180050769,14.196334008,8.112917052,0.341616667,57.745686076,57.481569397,18.434166667,27.380116667
2019-05-29 17:34:00,6.410200304,-0.000000000,237.349977940,238.673744670,1.509700072,2.099733433,13.961950663,11.161300530,0.444350021,0.428400020,2.673650000,6.016566667,2.226850000,5.198016667,2.380033333,14.109034003,15.840750752,13.923550661,7.932483710,0.344916667,57.628719404,57.276869387,18.340916667,27.349133333
2019-05-29 17:33:00,6.401566971,-0.000000000,237.427411277,238.746528007,1.531550073,2.121850101,13.882933993,11.099300527,0.443350021,0.426533354,2.651283333,5.979916667,2.218733333,5.201900000,2.369983333,14.009067332,15.843817419,13.907733994,7.957700378,0.347516667,57.796369412,57.471052730,18.425900000,27.443950000
2019-05-29 17:32:00,6.467550307,-0.000000000,237.812811296,239.098428023,1.537916740,2.133566768,14.016700666,11.223017200,0.442466688,0.428950020,2.675583333,6.046916667,2.254050000,5.254716667,2.400266667,14.127900671,16.010634094,14.045984000,8.006683714,0.350483333,57.953452753,57.675169406,18.515950000,27.572500000
2019-05-29 17:31:00,6.369616969,-0.000000000,237.975127970,239.281728032,1.551333407,2.150883435,13.717500652,10.998500522,0.443450021,0.425616687,2.631050000,5.932783333,2.187233333,5.139166667,2.345383333,13.855750658,15.621000742,13.697100651,7.855117040,0.353683333,57.917752751,57.615036070,18.490350000,27.569583333
2019-05-29 17:30:00,6.333283634,-0.000000000,237.845411297,239.128344691,1.560733407,2.154983436,13.630467314,10.872367183,0.442416688,0.426900020,2.598333333,5.871100000,2.174216667,5.093466667,2.326450000,13.738033986,15.520367404,13.588750645,7.784200370,0.354200000,57.860419415,57.615486070,18.470950000,27.539683333
2019-05-29 17:29:00,6.300483633,-0.000000000,237.132994597,238.451277992,1.579700075,2.162100103,13.475733973,10.763050511,0.443700021,0.429133354,2.573000000,5.798416667,2.147783333,5.005633333,2.289966667,13.613550647,15.508317403,13.343667300,7.722467033,0.354333333,57.607552736,57.320952723,18.347200000,27.329300000
2019-05-29 17:28:00,6.247866963,-0.000000000,237.063394593,238.438144659,1.585383409,2.167416770,13.375800635,10.687333841,0.442150021,0.427900020,2.540816667,5.746800000,2.121666667,4.957583333,2.275383333,13.476250640,15.330217395,13.217167294,7.650967030,0.354933333,57.784569411,57.438936062,18.432333333,27.394700000
2019-05-29 17:27:00,6.062650288,-0.000000000,237.410011276,238.717944672,1.462783403,2.037233430,13.213700628,10.554567168,0.441583354,0.423216687,2.509166667,5.681866667,2.090700000,4.940300000,2.249966667,13.304817299,15.116800718,13.147333958,7.619867029,0.324666667,57.971902754,57.678269406,18.544766667,27.532350000
2019-05-29 17:26:00,6.054466954,-0.000000000,237.338127940,238.660744669,1.443966735,2.008966762,13.099517289,10.493350498,0.445216688,0.427383354,2.518650000,5.657366667,2.091850000,4.895683333,2.223666667,13.269500630,15.167617387,13.010850618,7.574233693,0.316083333,57.666969406,57.349136057,18.387983333,27.374016667
2019-05-29 17:25:00,9.037933763,-0.000000000,237.765811293,238.488794661,4.436200211,4.499933547,13.099517289,10.492617165,0.443850021,0.427716687,2.510950000,5.657333333,2.090783333,4.888016667,2.227866667,13.260900630,15.012750713,13.022067285,7.513383690,0.024950000,58.389702773,58.265419434,18.798866667,27.778733333
2019-05-29 17:24:00,9.996367141,-0.000000000,237.929577968,238.531227996,5.423900258,5.322333586,13.005400618,10.429933829,0.442466688,0.429316687,2.485516667,5.617183333,2.086950000,4.860916667,2.217216667,13.145367291,15.022200714,12.921333947,7.489650356,-0.059300000,58.493702778,58.351619438,18.830916667,27.836183333
2019-05-29 17:23:00,9.768883797,-0.000000000,237.351094607,237.974211303,5.192733580,5.105250242,12.935450614,10.416867161,0.443700021,0.431266687,2.482116667,5.593016667,2.094033333,4.855200000,2.199933333,13.113050623,15.089000717,12.944183948,7.492017023,-0.040050000,58.658669453,58.529602780,18.920833333,27.851216667
2019-05-29 17:22:00,6.652866983,-0.000000000,237.062611260,238.285194651,2.127450101,2.574133456,12.854650611,10.333817157,0.444266688,0.427766687,2.466666667,5.552233333,2.058750000,4.812633333,2.180533333,13.019983952,14.904150708,12.820550609,7.442117020,0.272483333,58.480602778,58.185852764,18.821100000,27.728733333
2019-05-29 17:21:00,5.943033616,-0.000000000,237.652744621,238.992628018,1.512566739,2.080750099,12.654567268,10.133867148,0.441750021,0.426433354,2.410233333,5.456933333,2.020233333,4.737466667,2.151350000,12.756233939,14.681750697,12.558483930,7.334750348,0.329633333,58.146102762,57.846536081,18.631416667,27.643950000
2019-05-29 17:20:00,6.106283623,-0.000000000,237.415411277,238.826728010,1.721783415,2.297966776,12.530350595,10.065917145,0.441116688,0.426566687,2.384716667,5.405600000,1.999783333,4.687783333,2.131216667,12.627550600,14.620284028,12.410233923,7.291400346,0.374150000,57.967119420,57.597902736,18.517816667,27.518683333
2019-05-29 17:19:00,6.102250290,-0.000000000,237.211661267,238.622678001,1.732283416,2.305766776,12.474800593,9.983083808,0.444500021,0.425450020,2.392683333,5.382750000,1.977283333,4.647516667,2.109533333,12.633467267,14.570117359,12.279150583,7.270133679,0.375533333,57.784436078,57.416702727,18.425416667,27.408583333
2019-05-29 17:18:00,6.094950289,-0.000000000,237.207444600,238.701811338,1.740733416,2.313083443,12.449600591,9.963500473,0.441800021,0.425800020,2.368316667,5.359966667,1.985900000,4.664266667,2.109650000,12.553950596,14.563450692,12.348250587,7.269567012,0.377750000,58.264686101,57.790702745,18.651366667,27.616650000
2019-05-29 17:17:00,6.062783621,-0.000000000,237.961194636,239.421861372,1.755016750,2.340750111,12.192567246,9.810533799,0.443866688,0.425666687,2.349233333,5.292233333,1.958533333,4.600766667,2.068883333,12.353583920,14.358767349,12.126200576,7.163950340,0.382666667,58.342836104,57.910836084,18.687633333,27.749150000
2019-05-29 17:16:00,6.039516954,-0.000000000,237.166144598,238.582794665,1.768350084,2.339833444,12.163100578,9.766750464,0.443083354,0.425550020,2.327216667,5.252166667,1.943950000,4.568700000,2.057283333,12.305100584,14.300117346,12.084467241,7.136633672,0.380766667,58.492119445,58.131586094,18.801033333,27.742133333
2019-05-29 17:15:00,6.012216952,-0.000000000,236.453561231,237.952761302,1.787766752,2.348033445,12.059783906,9.682350460,0.443650021,0.424916687,2.304800000,5.194783333,1.919650000,4.517866667,2.031733333,12.209817247,14.224217342,11.963517235,7.098317004,0.380566667,58.302469436,57.840052747,18.684083333,27.549750000
2019-05-29 17:14:00,5.970200284,-0.000000000,236.668694574,238.191211313,1.801116752,2.366083446,11.870067230,9.517750452,0.443900021,0.423000020,2.271200000,5.116383333,1.897883333,4.486766667,1.997450000,12.023333904,14.131200671,11.842933896,7.069567002,0.383700000,58.178519430,57.670319406,18.600683333,27.506416667
2019-05-29 17:13:00,6.022500286,-0.000000000,236.690544576,238.219294648,1.822900087,2.389000113,11.821733895,9.520467119,0.443916688,0.428866687,2.267083333,5.108266667,1.932516667,4.500866667,1.992750000,11.984167236,14.189017341,11.944583901,7.026017000,0.386166667,58.189886097,57.685869407,18.612033333,27.515650000
2019-05-29 17:12:00,5.918433614,-0.000000000,236.714027910,238.228777982,1.844916754,2.410283448,11.797767227,9.513117119,0.435283354,0.422516687,2.201083333,5.060900000,1.872433333,4.431950000,2.003800000,11.791517227,14.007500665,11.671467221,7.006433666,0.389416667,58.390152773,57.940819419,18.738466667,27.625616667
2019-05-29 17:11:00,5.913233614,-0.000000000,236.591527904,238.084944642,1.846000088,2.405183448,11.648000553,9.400983780,0.440083354,0.421700020,2.207266667,5.018616667,1.859966667,4.411016667,1.966750000,11.737150557,13.944267329,11.614850552,6.985050332,0.389016667,58.148152762,57.704886074,18.616850000,27.496683333
2019-05-29 17:10:00,5.729600272,-0.000000000,236.638861240,238.163661312,1.674950080,2.221750106,11.544167215,9.307833775,0.442316688,0.421550020,2.205066667,4.984666667,1.849583333,4.387750000,1.943466667,11.681283888,13.860183992,11.552333882,6.944950330,0.347383333,58.214169432,57.702936074,18.635383333,27.519266667
2019-05-29 17:09:00,5.816583610,-0.000000000,236.821194582,238.298194652,1.782016751,2.308816776,11.528600548,9.226333772,0.441533354,0.421333353,2.188883333,4.957466667,1.845683333,4.380250000,1.938233333,11.634433886,13.856833991,11.512517213,6.940166996,0.329233333,58.064969425,57.589902735,18.570183333,27.475283333
2019-05-29 17:08:00,9.266733773,-0.000000000,236.728361244,237.480144613,5.230450248,5.146933578,11.481617212,9.234750439,0.442350021,0.426200020,2.188666667,4.948283333,1.847616667,4.335533333,1.930900000,11.631083886,13.751033986,11.446917210,6.845816992,-0.040650000,57.949902752,57.668836072,18.532583333,27.413800000
2019-05-29 17:07:00,9.239000439,-0.000000000,237.033294592,237.783644627,5.185000246,5.103783576,11.524233881,9.263233773,0.441750021,0.425833354,2.194650000,4.968433333,1.859350000,4.366266667,1.941583333,11.660817221,13.939217329,11.468483878,6.930083662,-0.033266667,57.847336081,57.577869401,18.478016667,27.403033333
2019-05-29 17:06:00,8.626167076,-0.000000000,236.673527908,237.541477949,4.579766884,4.586950218,11.510600547,9.325400443,0.440400021,0.425483354,2.189650000,4.971683333,1.856750000,4.363733333,1.944883333,11.638500553,13.961633996,11.469467211,6.942866996,0.042666667,57.860602748,57.559052734,18.487033333,27.366966667
2019-05-29 17:05:00,5.715350271,-0.000000000,237.200911266,238.714161338,1.730383416,2.288950109,11.377833874,9.123950433,0.441866688,0.418550020,2.168616667,4.908200000,1.816350000,4.340233333,1.914833333,11.495133879,13.841383991,11.309883871,6.943800330,0.357350000,57.982286087,57.511152732,18.514683333,27.482916667
2019-05-29 17:04:00,5.765816941,-0.000000000,237.219944601,238.764528007,1.819916753,2.381983446,11.240967201,8.985967093,0.440983354,0.422566687,2.134116667,4.838750000,1.811783333,4.287533333,1.888700000,11.338100539,13.916450661,11.122117195,6.906983661,0.377583333,57.844069414,57.378769392,18.442233333,27.422483333
2019-05-29 17:03:00,5.843583611,-0.000000000,237.311661272,238.833044677,1.945350092,2.515866786,11.053033858,8.916567090,0.442516688,0.420883353,2.120500000,4.791266667,1.777733333,4.224150000,1.858250000,11.201400532,13.567267311,10.987667189,6.768850322,0.406183333,57.852752748,57.405369393,18.447750000,27.440083333
2019-05-29 17:02:00,5.822250277,-0.000000000,237.095861261,238.613028000,1.965933427,2.532216787,11.118133861,8.764783750,0.441616688,0.420650020,2.099133333,4.751883333,1.757183333,4.176833333,1.854483333,11.205717199,13.438517305,10.868867183,6.704850318,0.407766667,57.744902743,57.313652722,18.408933333,27.367533333
2019-05-29 17:01:00,5.828816944,-0.000000000,236.937561254,238.449994659,1.983033428,2.545466788,10.804767180,8.849000420,0.445850021,0.418683353,2.118266667,4.738216667,1.727516667,4.126583333,1.810766667,11.078000526,13.136400624,10.780000512,6.594150313,0.409266667,57.768469411,57.296452721,18.422066667,27.350566667
2019-05-29 17:00:00,5.725183605,-0.000000000,237.276144603,238.905661347,2.000116762,2.568900122,10.662133840,8.514217071,0.439350021,0.419050020,2.014066667,4.584483333,1.711000000,4.082533333,1.785133333,10.733433843,13.076750621,10.614850504,6.546116978,0.413283333,58.059686091,57.490869397,18.551283333,27.512033333
2019-05-29 16:59:00,5.757466940,-0.000000000,237.255561269,238.893478013,2.020050096,2.587366790,10.748200511,8.594917075,0.436366687,0.419916687,2.012716667,4.612383333,1.724700000,4.107483333,1.807066667,10.771217178,13.120583957,10.701250508,6.565866979,0.414516667,57.954836086,57.370602725,18.480966667,27.456483333
2019-05-29 16:58:00,5.749166940,-0.000000000,237.284611270,238.848544678,2.022216763,2.589100123,10.688650508,8.487250403,0.438766688,0.418233353,2.009500000,4.579350000,1.717450000,4.106216667,1.786700000,10.740900510,13.192550627,10.653967173,6.607650314,0.416016667,57.742002743,57.268652720,18.399666667,27.380600000
2019-05-29 16:57:00,5.826000277,-0.000000000,237.980011303,239.567244712,2.030066763,2.607416791,10.750950511,8.674733745,0.438233354,0.421416687,2.041416667,4.658283333,1.754516667,4.163300000,1.813716667,10.827500514,13.339583967,10.799317180,6.650666983,0.419883333,58.078669425,57.580102735,18.558450000,27.616750000
2019-05-29 16:56:00,5.835133610,-0.000000000,238.165761312,239.773178055,2.036133430,2.617033458,10.863250516,8.635700410,0.437600021,0.419983353,2.043033333,4.668750000,1.755966667,4.181133333,1.827266667,10.893700517,13.285433964,10.859867182,6.650950316,0.422650000,57.975869420,57.443502728,18.487700000,27.582166667
2019-05-29 16:55:00,5.771233607,-0.000000000,238.245627983,239.888578061,2.048583431,2.631000125,10.591767170,8.457383735,0.439950021,0.416933353,2.013300000,4.576016667,1.709350000,4.100450000,1.776350000,10.676183840,13.092517289,10.591867170,6.573900312,0.424783333,58.880136130,58.320586103,18.965350000,28.019350000
2019-05-29 16:54:00,5.702300271,-0.000000000,238.766078007,240.451328087,1.987383428,2.577016789,10.893700517,8.655483744,0.430783354,0.413233353,2.001533333,4.660166667,1.713383333,4.156483333,1.847850000,10.786183846,13.245900629,10.666800507,6.694066985,0.411033333,59.132052809,58.548402781,19.083283333,28.197733333
2019-05-29 16:53:00,5.721250272,-0.000000000,239.258628031,240.799544771,1.887600090,2.476050118,10.453233830,8.457583735,0.449150021,0.420750020,2.082550000,4.616450000,1.751100000,4.162183333,1.747916667,10.769450512,12.936583948,10.858017182,6.497583642,0.386150000,58.993669469,58.487386111,19.009300000,28.199283333
2019-05-29 16:52:00,6.653400316,-0.000000000,239.575394713,240.864528107,3.088283480,3.421083496,10.078167145,8.077383717,0.437783354,0.420250020,1.918150000,4.381416667,1.646966667,3.918800000,1.695916667,10.156417149,12.588617265,10.049483811,6.274183631,0.235133333,59.075336139,58.667436120,19.060650000,28.284383333
2019-05-29 16:51:00,8.690717079,-0.000000000,239.405094704,240.192794742,5.063850241,4.994016904,10.204783818,8.210367057,0.438516687,0.423983353,1.948050000,4.441716667,1.678816667,3.959700000,1.719383333,10.308867156,12.725567271,10.201717151,6.317300300,0.007600000,58.902019464,58.677736120,19.004650000,28.195650000
2019-05-29 16:50:00,8.578717074,-0.000000000,237.651644621,238.461644660,4.933550234,4.872850231,10.313717157,8.260933726,0.439433354,0.425183354,1.954583333,4.447550000,1.690583333,3.975583333,1.725150000,10.418850495,12.845583943,10.339817158,6.367700302,0.006500000,58.355036105,58.106302760,18.732616667,27.725750000
2019-05-29 16:49:00,7.058750335,-0.000000000,236.010527877,237.198977933,3.383733494,3.614183505,10.411900495,8.400467066,0.439866688,0.426200020,1.970500000,4.479266667,1.704516667,3.999300000,1.736583333,10.525483833,13.056100620,10.459550497,6.453183640,0.201800000,57.900386083,57.507036065,18.508100000,27.306250000
2019-05-29 16:48:00,5.555066931,-0.000000000,236.366477893,237.970244636,1.940333425,2.480516784,10.265600488,8.279433727,0.440150021,0.421983353,1.948116667,4.426250000,1.666616667,3.950300000,1.712883333,10.376567160,12.775283940,10.310250490,6.359350302,0.381583333,58.795986126,58.270052768,18.940016667,27.764766667
2019-05-29 16:47:00,5.670833603,-0.000000000,236.494694566,238.073311308,2.123883434,2.678333461,10.080817145,8.105450385,0.442633354,0.414800020,1.926416667,4.351916667,1.620533333,3.907400000,1.673800000,10.228000486,12.626633933,10.127850481,6.351766968,0.421850000,58.651086119,58.169419430,18.873950000,27.719966667
2019-05-29 16:46:00,5.503516928,-0.000000000,236.766344579,238.440544659,2.180083437,2.738150130,9.710783795,7.691067032,0.430150020,0.411850020,1.772550000,4.120700000,1.550883333,3.765616667,1.616116667,9.644867125,12.313500585,9.664583792,6.195950294,0.434816667,58.734386123,58.184902764,18.902416667,27.780916667
2019-05-29 16:45:00,5.602966933,-0.000000000,236.671394575,238.333694654,2.194916771,2.750016797,9.815083800,7.809067038,0.435033354,0.414783353,1.822683333,4.190433333,1.585366667,3.822333333,1.630466667,9.827667133,12.453867258,9.858683802,6.247833630,0.436066667,58.338669438,57.777786078,18.695616667,27.578433333
2019-05-29 16:44:00,5.620900267,-0.000000000,235.824111201,237.504844614,2.204733438,2.746133464,9.807933799,7.849483706,0.435950021,0.421133353,1.826450000,4.189383333,1.589716667,3.774783333,1.626266667,9.845200468,12.485250593,9.773600464,6.189183627,0.433200000,58.549252781,57.980419421,18.817350000,27.578800000
2019-05-29 16:43:00,5.654750269,-0.000000000,235.684111194,237.369761274,2.209366772,2.749550131,9.666817126,7.840417039,0.441533354,0.423566687,1.845216667,4.179000000,1.600166667,3.777583333,1.599216667,9.820783800,12.472433926,9.819817133,6.164316959,0.433466667,58.934252799,58.359286105,19.011966667,27.743550000
2019-05-29 16:42:00,5.581183598,-0.000000000,235.754861198,237.430094611,2.220033439,2.760916798,9.580517122,7.699617032,0.437716687,0.421133353,1.798583333,4.108800000,1.562566667,3.710800000,1.584216667,9.660000459,12.343950586,9.585967122,6.110616957,0.434850000,58.853986129,58.297286102,18.975900000,27.717583333
2019-05-29 16:41:00,5.605966933,-0.000000000,235.949027874,237.679161289,2.241516773,2.786166799,9.493850451,7.651250363,0.440383354,0.422633353,1.802250000,4.091633333,1.562200000,3.696583333,1.568200000,9.619217124,12.357550587,9.526867119,6.095300290,0.437866667,59.035252804,58.432736109,19.048300000,27.818566667
2019-05-29 16:40:00,5.585250265,-0.000000000,236.874161251,238.652878002,2.244833440,2.802783466,9.433483781,7.655350364,0.438866688,0.421866687,1.796450000,4.092800000,1.543966667,3.659866667,1.567966667,9.551333787,12.210917247,9.377900445,6.027650286,0.444016667,58.718386122,58.053519424,18.856450000,27.764666667
2019-05-29 16:39:00,5.562283598,-0.000000000,237.044694592,238.823011343,2.255483440,2.814833467,9.345050444,7.593217027,0.437650021,0.420283353,1.775933333,4.057016667,1.530866667,3.642383333,1.554733333,9.450883782,12.107633908,9.326483776,5.994366951,0.446233333,58.881036130,58.213169432,18.944750000,27.861316667
2019-05-29 16:38:00,5.501466928,-0.000000000,236.855727917,238.639011335,2.280350108,2.834783468,9.166583769,7.334517015,0.440033354,0.417383353,1.738550000,3.951283333,1.482566667,3.551816667,1.508950000,9.278033774,11.930100567,9.034467096,5.916750281,0.448450000,58.810486127,58.149819429,18.906800000,27.807533333
2019-05-29 16:37:00,5.321100253,-0.000000000,237.241061268,238.960878017,2.148716769,2.699250128,8.937233758,7.202050342,0.438800021,0.418416687,1.698933333,3.871583333,1.473450000,3.521566667,1.473466667,9.051417097,11.816117228,8.950750425,5.850783611,0.417766667,58.626219451,58.037019423,18.820450000,27.778116667
2019-05-29 16:36:00,5.243233582,-0.000000000,236.894044585,238.607961333,2.121816767,2.663800127,8.827567086,7.059633669,0.437883354,0.417150020,1.664250000,3.799916667,1.457166667,3.493600000,1.448783333,8.916483757,11.783283893,8.865900421,5.839233611,0.407366667,58.648736119,58.062186091,18.843566667,27.748633333
2019-05-29 16:35:00,7.341883682,-0.000000000,237.152211264,238.234261316,4.151283531,4.233166868,8.902600423,7.219617010,0.439750021,0.423150020,1.701683333,3.869616667,1.488916667,3.518483333,1.469250000,9.056167097,11.820833895,8.985017093,5.824883610,0.101466667,58.582702783,58.191852764,18.835916667,27.756733333
2019-05-29 16:34:00,7.770400369,-0.000000000,237.441661278,238.365694655,4.593400218,4.561316883,8.989117094,7.259933678,0.434416687,0.424033353,1.687100000,3.883100000,1.489900000,3.513766667,1.491216667,9.058717097,11.799283894,8.969150426,5.806700276,0.044550000,58.512302779,58.197119431,18.818150000,27.765733333
2019-05-29 16:33:00,7.434533686,-0.000000000,237.502277947,238.461844660,4.247566868,4.248850202,9.128433767,7.304367014,0.432516687,0.421966687,1.694133333,3.916533333,1.492833333,3.537816667,1.515066667,9.149217101,11.804717227,9.036467096,5.835983611,0.084750000,58.564686115,58.264869434,18.856733333,27.803483333
2019-05-29 16:32:00,5.633566934,-0.000000000,237.378677942,238.878594679,2.388833447,2.877116803,9.209017104,7.452083687,0.435283354,0.419266687,1.734666667,3.985250000,1.510066667,3.601716667,1.531783333,9.277883774,11.988667236,9.189950436,5.945316949,0.375833333,58.736419456,58.326936104,18.937433333,27.876466667
2019-05-29 16:31:00,5.250516916,-0.000000000,237.237211268,238.866544679,2.124283434,2.672100127,8.959917092,7.144300339,0.433716687,0.416166686,1.665883333,3.840450000,1.460350000,3.508650000,1.478533333,8.982283760,11.745717225,8.910367090,5.839150277,0.409516667,58.600486117,58.144319428,18.861166667,27.791716667
2019-05-29 16:30:00,5.409700257,-0.000000000,237.426911277,239.114728024,2.295566776,2.858683469,8.911117090,7.130083672,0.433733354,0.417950020,1.661750000,3.830850000,1.452383333,3.475133333,1.473250000,8.941300425,11.679167221,8.810833752,5.784816941,0.448100000,58.893819464,58.370136106,18.991250000,27.941000000
2019-05-29 16:29:00,5.432650258,-0.000000000,237.400894609,239.075461355,2.334683444,2.897716804,8.950850425,7.132517005,0.431450020,0.414883353,1.652850000,3.830450000,1.445116667,3.483683333,1.481200000,8.939300425,11.713467223,8.806233752,5.826983610,0.457466667,58.756719457,58.264986101,18.924733333,27.879466667
2019-05-29 16:28:00,5.387216923,-0.000000000,236.815844581,238.392944656,2.350700112,2.901883471,8.666350412,7.020800333,0.432816687,0.416883353,1.618616667,3.740066667,1.417900000,3.401233333,1.431683333,8.713950414,11.560250549,8.602433742,5.721633605,0.456550000,58.418636108,58.052902757,18.784600000,27.674533333
2019-05-29 16:27:00,5.344383587,-0.000000000,236.477294565,238.042827973,2.373916779,2.919966805,8.720283748,6.955283664,0.425633354,0.414483353,1.575516667,3.701900000,1.394950000,3.365516667,1.440983333,8.641850410,11.415950542,8.520667071,5.673683603,0.457683333,58.527202780,58.184952764,18.844733333,27.691350000
2019-05-29 16:26:00,5.349383587,-0.000000000,236.654644574,238.282494651,2.367483446,2.915066805,8.620900409,6.889816994,0.429916687,0.415533353,1.582650000,3.681500000,1.399250000,3.367616667,1.418966667,8.607350409,11.543617215,8.478250403,5.712433605,0.457900000,58.716052789,58.313702770,18.920933333,27.791216667
2019-05-29 16:25:00,5.438000258,-0.000000000,236.679327908,238.291261318,2.372350113,2.920483472,8.612933742,7.007833666,0.441650021,0.424533353,1.657483333,3.753366667,1.408166667,3.318183333,1.411616667,8.790800418,11.645233886,8.317533728,5.663566936,0.458666667,58.614702784,58.217769432,18.868616667,27.746333333
2019-05-29 16:24:00,5.547050263,-0.000000000,236.992327923,238.612544667,2.399400114,2.953466807,8.831367086,7.037733668,0.446916688,0.417800020,1.709700000,3.825216667,1.437950000,3.441733333,1.436350000,9.041150429,11.654000554,8.717083747,5.765966941,0.463100000,58.691269454,58.265569434,18.901683333,27.812983333
2019-05-29 16:23:00,5.590783599,-0.000000000,237.030627925,238.584627999,2.412133448,2.966216808,8.788250417,7.176950341,0.449366688,0.417866687,1.738466667,3.867883333,1.440183333,3.448000000,1.437133333,9.081817098,11.564250549,8.771283750,5.737633606,0.464933333,58.944369466,58.572669449,19.060750000,27.946716667
2019-05-29 16:22:00,5.552966930,-0.000000000,237.083311261,238.703211338,2.419900115,2.972200141,8.586167074,7.048783668,0.454350022,0.417050020,1.732683333,3.811050000,1.400383333,3.358833333,1.395566667,8.964883759,11.498550546,8.447300401,5.681316937,0.467083333,58.908786131,58.476436111,19.011166667,27.925450000
2019-05-29 16:21:00,5.448566925,-0.000000000,237.125144596,238.741344673,2.435250116,2.988266809,8.448883735,6.720866986,0.441733354,0.422583353,1.610883333,3.644816667,1.402433333,3.318950000,1.372216667,8.591750408,11.324217205,8.402833732,5.556183597,0.469400000,58.530569447,58.128652761,18.809666667,27.757533333
2019-05-29 16:20:00,5.258366916,-0.000000000,236.353561226,237.841627964,2.293633442,2.825033468,8.453217068,6.831366991,0.430716687,0.416650020,1.564666667,3.631300000,1.400066667,3.360183333,1.390866667,8.479383736,11.488683879,8.497933737,5.683150270,0.430533333,58.556419448,58.307286103,18.878550000,27.708483333
2019-05-29 16:19:00,5.255500250,-0.000000000,236.013694543,237.485361280,2.263233441,2.784416799,8.569900407,6.936766996,0.431283354,0.418200020,1.587366667,3.679783333,1.404900000,3.359650000,1.411283333,8.600983742,11.443450544,8.543217072,5.656533602,0.420900000,58.307686103,58.064336091,18.757866667,27.551200000
2019-05-29 16:18:00,6.431150305,-0.000000000,236.107727881,237.107944595,3.470233498,3.616000172,8.403167066,6.730883653,0.436116687,0.420283353,1.570816667,3.602083333,1.390100000,3.307316667,1.370516667,8.489200403,11.439400543,8.356983730,5.626933601,0.176883333,58.255869434,58.118819427,18.736600000,27.535283333
2019-05-29 16:17:00,6.289316965,-0.000000000,236.915077920,237.821344629,3.444333497,3.547800169,8.268483726,6.508500309,0.429683354,0.416983353,1.505766667,3.503900000,1.339216667,3.210766667,1.348333333,8.249833725,11.138300529,8.034783715,5.496633594,0.180066667,58.714669455,58.628969451,18.987716667,27.853833333
2019-05-29 16:16:00,5.712366938,-0.000000000,238.896644680,239.874828060,2.974400141,3.216650153,7.911967042,6.348466968,0.421766687,0.416183353,1.433650000,3.398416667,1.304316667,3.134150000,1.308050000,7.845583706,10.799700513,7.764700369,5.333700253,0.295550000,59.393586154,59.329602818,19.327600000,28.421083333
2019-05-29 16:15:00,5.459866926,-0.000000000,237.028344592,238.290727985,2.693766795,3.150083483,7.738867034,6.269400298,0.431066687,0.421800020,1.441650000,3.344233333,1.324450000,3.140433333,1.262500000,7.798067037,10.949417187,7.861917040,5.358833588,0.424316667,59.068036139,58.930819466,19.157883333,28.043633333
2019-05-29 16:14:00,5.305033585,-0.000000000,236.825644582,238.332227987,2.543316787,3.086700147,7.690317032,6.199116961,0.437966687,0.418733353,1.459133333,3.331850000,1.302583333,3.111250000,1.242283333,7.819967038,10.933100519,7.746250368,5.356900254,0.481200000,59.022352803,58.797536126,19.127000000,27.991666667
2019-05-29 16:13:00,5.306050252,-0.000000000,237.333977939,238.852728012,2.567066789,3.118866815,7.505100356,6.093700289,0.432016687,0.428550020,1.407033333,3.257050000,1.331950000,3.093983333,1.220066667,7.581683693,10.949617187,7.742583701,5.260166917,0.486966667,59.078386139,58.852036129,19.151683333,28.078616667
2019-05-29 16:12:00,5.148900245,-0.000000000,237.862644631,239.420328039,2.588250123,3.153733483,7.484150355,6.126683624,0.420566687,0.409916686,1.353183333,3.231883333,1.207466667,2.945566667,1.235233333,7.412150352,10.426400495,7.195033675,5.154633578,0.491800000,58.283619435,58.029219423,18.716483333,27.757266667
2019-05-29 16:11:00,5.129966910,-0.000000000,237.989594637,239.516094710,2.604700124,3.169916817,7.277950346,5.917166948,0.426433354,0.409950019,1.341483333,3.153166667,1.183783333,2.887550000,1.186533333,7.285217013,10.272300488,7.029083667,5.071516908,0.494700000,57.823202746,57.602469403,18.484666667,27.558400000
2019-05-29 16:10:00,5.152433578,-0.000000000,237.923527967,239.538344711,2.612283457,3.172250151,7.237450344,5.907833614,0.429016687,0.408200019,1.353116667,3.153783333,1.187033333,2.908083333,1.177816667,7.298250347,10.357683825,7.064117002,5.123950243,0.496350000,57.990619421,57.659836072,18.550750000,27.609566667
2019-05-29 16:09:00,5.199183580,-0.000000000,237.421861277,239.034011354,2.620250124,3.173200151,7.321450348,5.932083615,0.432083354,0.411566686,1.373000000,3.177366667,1.205933333,2.930016667,1.184800000,7.400467018,10.450200496,7.159050340,5.146933578,0.494600000,58.268252768,57.949419419,18.706033333,27.686616667
2019-05-29 16:08:00,5.204583581,-0.000000000,237.525944615,239.117561357,2.607100124,3.161350150,7.424167019,5.970833617,0.430983354,0.411866686,1.381233333,3.205183333,1.216250000,2.952900000,1.202250000,7.473200355,10.527617167,7.212633676,5.184516913,0.493466667,58.385619440,58.084386092,18.780516667,27.757600000
2019-05-29 16:07:00,5.178916913,-0.000000000,237.643577954,239.226111363,2.631566792,3.189366818,7.301650347,5.963283617,0.426416687,0.410900020,1.352033333,3.170566667,1.195316667,2.908766667,1.192300000,7.329433681,10.447617163,7.064383669,5.141516911,0.496533333,58.555202781,58.302486103,18.879433333,27.863150000
2019-05-29 16:06:00,5.162016912,-0.000000000,237.250361269,238.833311344,2.604250124,3.150683483,7.252717011,5.944300282,0.430350020,0.413883353,1.360300000,3.161100000,1.197466667,2.893350000,1.178900000,7.330733682,10.386283827,7.067150336,5.094200242,0.486616667,58.616402784,58.328536104,18.915633333,27.838050000
2019-05-29 16:05:00,5.027433572,-0.000000000,237.591744618,239.081694689,2.467116784,3.007566810,7.257633678,5.919266948,0.430300020,0.413216686,1.359466667,3.158950000,1.200850000,2.906633333,1.178600000,7.330467015,10.384500493,7.099500337,5.102216909,0.455100000,58.427502775,58.238219433,18.843150000,27.805883333
2019-05-29 16:04:00,5.074833574,-0.000000000,237.504027948,238.992078018,2.502866786,3.045783478,7.315650347,5.968650283,0.429233354,0.409300019,1.364633333,3.179550000,1.207333333,2.950716667,1.190366667,7.372567017,10.739267177,7.111067004,5.279833584,0.464200000,57.774619411,57.622102737,18.518383333,27.493150000
2019-05-29 16:03:00,5.204633581,-0.000000000,237.523511282,238.953094683,2.661466793,3.213583486,7.402583685,6.003433618,0.423933353,0.410483353,1.353083333,3.191683333,1.190083333,2.899216667,1.209816667,7.389333684,10.353983825,7.069150336,5.106000243,0.499100000,57.845436081,57.753686076,18.563216667,27.540183333
2019-05-29 16:02:00,5.300333585,-0.000000000,237.338161273,238.748494673,2.682166794,3.230966820,7.652300363,5.986350284,0.435750021,0.409133353,1.425266667,3.265600000,1.192900000,2.916100000,1.224133333,7.727150367,10.394033827,7.117800338,5.138283577,0.500683333,58.166102763,58.112786094,18.737400000,27.679416667
2019-05-29 16:01:00,5.380400256,-0.000000000,237.630111287,238.975628017,2.696683461,3.249533488,7.266550345,6.164616959,0.446233355,0.409533353,1.485866667,3.297550000,1.197850000,2.924700000,1.172516667,7.669783698,10.330283824,7.164283674,5.114666910,0.503166667,58.030602756,58.005702755,18.674816667,27.651783333
2019-05-29 16:00:00,5.168683579,-0.000000000,237.871827965,239.295578033,2.718566796,3.276666822,7.062083669,5.765533607,0.419316687,0.405033353,1.279716667,3.051733333,1.170400000,2.890366667,1.155783333,7.021750334,10.333983824,6.988266999,5.131866910,0.507066667,58.123352761,58.072486092,18.722650000,27.722466667
